<ns6:UpdateReservationRQ xmlns:ns1="http://www.ebxml.org/namespaces/messageHeader" xmlns:ns2="http://www.w3.org/1999/xlink" xmlns:ns3="http://schemas.xmlsoap.org/soap/envelope/" xmlns:ns4="http://schemas.xmlsoap.org/ws/2002/12/secext" xmlns:ns6="http://webservices.sabre.com/pnrbuilder/v1_18" xmlns:ns7="http://services.sabre.com/res/or/v1_12" xmlns:ns8="http://www.w3.org/2000/09/xmldsig#" Version="1.18.0">
  <ns6:RequestType>Stateless</ns6:RequestType>
  <ns6:ReturnOptions IncludeUpdateDetails="false"/>
  <ns6:ReservationUpdateList>
    <ns6:Locator>QTWMUM</ns6:Locator>
    <ns6:ReservationUpdateItem UpdateId="0">
      <ns6:RemarkUpdate op="C">
        <ns6:RemarkText>AUTH-PSS/AX5550/23AUG/01811535009367409119</ns6:RemarkText>
      </ns6:RemarkUpdate>
    </ns6:ReservationUpdateItem>
    <ns6:ReservationUpdateItem UpdateId="1">
      <ns6:RemarkUpdate op="C">
        <ns6:RemarkText>  AUTH-APV/X82235/000/AUD0.77</ns6:RemarkText>
      </ns6:RemarkUpdate>
    </ns6:ReservationUpdateItem>
    <ns6:ReservationUpdateItem UpdateId="2">
      <ns6:RemarkUpdate op="C">
        <ns6:RemarkText>  AUTH-CSC MATCHED/Y</ns6:RemarkText>
      </ns6:RemarkUpdate>
    </ns6:ReservationUpdateItem>
    <ns6:ReservationUpdateItem UpdateId="3">
      <ns6:RemarkUpdate op="C">
        <ns6:RemarkText>  AUTH-AVS SUCCESS-Y/ADDRESS AND ZIP/POSTAL MATCH/Y</ns6:RemarkText>
      </ns6:RemarkUpdate>
    </ns6:ReservationUpdateItem>
    <ns6:ReservationUpdateItem UpdateId="4">
      <ns6:RemarkUpdate op="C">
        <ns6:RemarkText>AUTH-PSS/VI2223/23AUG/01811535009369202120</ns6:RemarkText>
      </ns6:RemarkUpdate>
    </ns6:ReservationUpdateItem>
    <ns6:ReservationUpdateItem UpdateId="5">
      <ns6:RemarkUpdate op="C">
        <ns6:RemarkText>  AUTH-APV/X02304/00/AUD0.77</ns6:RemarkText>
      </ns6:RemarkUpdate>
    </ns6:ReservationUpdateItem>
    <ns6:ReservationUpdateItem UpdateId="6">
      <ns6:RemarkUpdate op="C">
        <ns6:RemarkText>  AUTH-CSC MATCHED/M</ns6:RemarkText>
      </ns6:RemarkUpdate>
    </ns6:ReservationUpdateItem>
    <ns6:ReservationUpdateItem UpdateId="7">
      <ns6:RemarkUpdate op="C">
        <ns6:RemarkText>  AUTH-AVS SUCCESS-Y/ADDRESS AND ZIP/POSTAL MATCH/Y</ns6:RemarkText>
      </ns6:RemarkUpdate>
    </ns6:ReservationUpdateItem>
    <ns6:ReservationUpdateItem UpdateId="8">
      <ns6:RemarkUpdate op="C">
        <ns6:RemarkText>RISK MGNT/REJECT///6C8A7CBD-CFB3-45C5-A338-7E4502BE4018</ns6:RemarkText>
      </ns6:RemarkUpdate>
    </ns6:ReservationUpdateItem>
  </ns6:ReservationUpdateList>
</ns6:UpdateReservationRQ>