<?xml version="1.0" encoding="UTF-8"?>

<mule xmlns:db="http://www.mulesoft.org/schema/mule/db" xmlns:file="http://www.mulesoft.org/schema/mule/file"
	xmlns:salesforce="http://www.mulesoft.org/schema/mule/salesforce"
	xmlns:ee="http://www.mulesoft.org/schema/mule/ee/core" xmlns:http="http://www.mulesoft.org/schema/mule/http" xmlns="http://www.mulesoft.org/schema/mule/core" xmlns:doc="http://www.mulesoft.org/schema/mule/documentation" xmlns:xsi="http://www.w3.org/2001/XMLSchema-instance" xsi:schemaLocation="http://www.mulesoft.org/schema/mule/core http://www.mulesoft.org/schema/mule/core/current/mule.xsd
http://www.mulesoft.org/schema/mule/http http://www.mulesoft.org/schema/mule/http/current/mule-http.xsd
http://www.mulesoft.org/schema/mule/ee/core http://www.mulesoft.org/schema/mule/ee/core/current/mule-ee.xsd
http://www.mulesoft.org/schema/mule/salesforce http://www.mulesoft.org/schema/mule/salesforce/current/mule-salesforce.xsd
http://www.mulesoft.org/schema/mule/file http://www.mulesoft.org/schema/mule/file/current/mule-file.xsd
http://www.mulesoft.org/schema/mule/db http://www.mulesoft.org/schema/mule/db/current/mule-db.xsd">
	<file:config name="File_Config" doc:name="File Config" doc:id="2d82847b-4541-470a-99c9-df873454ec69" >
		<file:connection workingDir="C:/Users/Training/Downloads/MUFundamentals4.1_studentFiles_22sept2018/MUFundamentals4.1_studentFiles_22sept2018/resources" />
	</file:config>
	<flow name="accounts_Flow" doc:id="de2b873d-ada4-486b-bf0e-e321351f9b8f" >
		<http:listener doc:name="GET /sfdc" doc:id="0de29209-953a-4494-9c36-962f6521cc92" config-ref="HTTP_Listener_config1" path="/sfdc">
			<non-repeatable-stream />
		</http:listener>
		<salesforce:query doc:name="Account" doc:id="b80b181d-ae41-4f28-b4a8-93041e10108d" config-ref="Salesforce_Config">
			<salesforce:salesforce-query >SELECT Name, LastModifiedDate, BillingPostalCode
FROM Account</salesforce:salesforce-query>
		</salesforce:query>
		<ee:transform doc:name="Transform Message" doc:id="e0186316-40a1-408a-a2fe-1f928b3f3f0c" >
			<ee:message >
				<ee:set-payload ><![CDATA[%dw 2.0
output application/json
---
payload]]></ee:set-payload>
			</ee:message>
		</ee:transform>
	</flow>
	<flow name="getCSVaccounts" doc:id="6edf84f3-c872-4464-be02-1bcfb025989b" >
		<file:listener doc:name="accounts.csv" doc:id="c8cbc4f8-3c83-4123-ac79-87f8fce2a2b6" directory="input" moveToDirectory="output" renameTo='#[attributes.fileName ++ ".backup"]' config-ref="File_Config">
			<scheduling-strategy >
				<fixed-frequency />
			</scheduling-strategy>
			<file:matcher filenamePattern="*.csv" />
		</file:listener>
		<logger level="INFO" doc:name="payload" doc:id="be02e4f7-3740-4ecc-9d09-7cc69635ddd9" message="#[payload]"/>
	</flow>
	<flow name="syncDBaccountsToCSV" doc:id="064e255f-a873-4a92-8150-b10901fcc309" >
		<db:listener doc:name="accounts" doc:id="3739c6eb-5a8c-499f-ae00-bc8aeb21894d" config-ref="Database_Config" table="accounts" watermarkColumn="accountID" idColumn="accountID">
			<scheduling-strategy >
				<fixed-frequency frequency="10" timeUnit="SECONDS"/>
			</scheduling-strategy>
		</db:listener>
		<ee:transform doc:name="Java to CSV" doc:id="6da87e3f-39d0-4c54-9f4a-5b7cfd2d5094">
			<ee:message>
				<ee:set-payload><![CDATA[%dw 2.0
output application/csv header = false
---
[payload]]]></ee:set-payload>
			</ee:message>
		</ee:transform>
		<file:write doc:name="DBaccounts.csv" doc:id="d1051e86-467f-4c3f-ab42-27fe97c71a1c" config-ref="File_Config" path=" output/DBaccounts.csv" mode="APPEND"/>
		<logger level="INFO" doc:name="payload" doc:id="057562e9-abdf-4bf8-8e66-15a86ea0390d" message="#[payload]"/>
	</flow>
</mule>
