<?xml version="1.0" encoding="UTF-8"?>

<mule xmlns:db="http://www.mulesoft.org/schema/mule/db"
	xmlns:file="http://www.mulesoft.org/schema/mule/file"
	xmlns:salesforce="http://www.mulesoft.org/schema/mule/salesforce" xmlns:http="http://www.mulesoft.org/schema/mule/http"
	xmlns:vm="http://www.mulesoft.org/schema/mule/vm"
	xmlns="http://www.mulesoft.org/schema/mule/core" xmlns:doc="http://www.mulesoft.org/schema/mule/documentation" xmlns:xsi="http://www.w3.org/2001/XMLSchema-instance" xsi:schemaLocation="
http://www.mulesoft.org/schema/mule/http http://www.mulesoft.org/schema/mule/http/current/mule-http.xsd 
http://www.mulesoft.org/schema/mule/vm http://www.mulesoft.org/schema/mule/vm/current/mule-vm.xsd http://www.mulesoft.org/schema/mule/core http://www.mulesoft.org/schema/mule/core/current/mule.xsd
http://www.mulesoft.org/schema/mule/salesforce http://www.mulesoft.org/schema/mule/salesforce/current/mule-salesforce.xsd
http://www.mulesoft.org/schema/mule/file http://www.mulesoft.org/schema/mule/file/current/mule-file.xsd
http://www.mulesoft.org/schema/mule/db http://www.mulesoft.org/schema/mule/db/current/mule-db.xsd">
	
	<http:listener-config name="HTTP_Listener_config1" doc:name="HTTP Listener config" doc:id="8351c925-3c45-403c-8edc-ef316d08210c" >
		<http:listener-connection host="0.0.0.0" port="${http.port}" />
	</http:listener-config>
	<http:request-config name="HTTP_Request_configuration1" doc:name="HTTP Request configuration" doc:id="a85eb594-3991-4ffb-b3e7-050dfe8d19b4" >
		<http:request-connection host="localhost" port="8083" />
	</http:request-config>
	<vm:config name="VM_Config1" doc:name="VM Config" doc:id="d0323037-51d6-476a-b5a5-90c96e535c6d" >
		<vm:queues >
			<vm:queue queueName="goodbye " />
		</vm:queues>
	</vm:config>
	<salesforce:sfdc-config name="Salesforce_Config" doc:name="Salesforce Config" doc:id="6de26bb4-4a08-427a-92bc-f5ffa49db7da" >
		<salesforce:cached-basic-connection username="${sfdc.username}" password="${sfdc.password}" securityToken="${sfdc.token}" />
	</salesforce:sfdc-config>
	<configuration-properties doc:name="Configuration properties" doc:id="fa15b1e9-514b-4fc3-a068-16eed333cd54" file="config.yaml" />
	<db:config name="Database_Config" doc:name="Database Config" doc:id="89f96297-45b5-4a7b-9896-5c3937d1a639" >
		<db:my-sql-connection host="${db.host}" port="${db.port}" user="${db.user}" password="${db.password}" database="${db.database}" />
	</db:config>
	
	
	
	
	
</mule>
