<?xml version="1.0" encoding="UTF-8"?>

 

<mule xmlns:http="http://www.mulesoft.org/schema/mule/http"

       xmlns="http://www.mulesoft.org/schema/mule/core" xmlns:doc="http://www.mulesoft.org/schema/mule/documentation"

       xmlns:xsi="http://www.w3.org/2001/XMLSchema-instance"

       xsi:schemaLocation="

http://www.mulesoft.org/schema/mule/http http://www.mulesoft.org/schema/mule/http/current/mule-http.xsd http://www.mulesoft.org/schema/mule/core http://www.mulesoft.org/schema/mule/core/current/mule.xsd">

 

       <http:listener-config name="Fulfillment_Listener_config" doc:name="HTTP Listener config" doc:id="760f3d9f-b179-4ca7-8410-f4ccbb6b984a" >

              <http:listener-connection host="0.0.0.0" port="8083" />

       </http:listener-config>

      

       <http:listener-config name="HTTP_Listener_config" doc:name="HTTP Listener config" doc:id="a9aa2e0b-3657-4ef3-8872-634b95ddab81" >

              <http:listener-connection host="0.0.0.0" port="8082" />

       </http:listener-config>

      

       <http:request-config name="HTTP_Request_config" doc:name="HTTP Request configuration" doc:id="672ac3f5-a24a-43f8-8a1d-bc0999650f8b" >

              <http:request-connection host="localhost" port="8088" />

       </http:request-config>

 

      

</mule>